지점명,판매일자,상품명,수량,단가,총매출액
부산점,2026-09-14,키보드,15,85000,1275000
부산점,2026-09-06,키보드,12,85000,1020000
부산점,2026-09-04,모니터,8,350000,2800000
부산점,2026-09-01,키보드,15,85000,1275000
부산점,2026-09-06,노트북,8,1200000,9600000
부산점,2026-10-01,모니터,15,350000,5250000
부산점,2026-09-22,키보드,7,85000,595000
부산점,2026-09-19,마우스,9,30000,270000
부산점,2026-09-10,노트북,5,1200000,6000000
부산점,2026-09-27,노트북,9,1200000,10800000
부산점,2026-09-11,마우스,8,30000,240000
부산점,2026-09-05,헤드셋,11,150000,1650000
부산점,2026-09-01,노트북,3,1200000,3600000
부산점,2026-09-11,모니터,3,350000,1050000
부산점,2026-09-28,모니터,14,350000,4900000
부산점,2026-09-02,헤드셋,4,150000,600000
부산점,2026-09-23,키보드,13,85000,1105000
부산점,2026-09-29,키보드,12,85000,1020000
부산점,2026-09-17,노트북,15,1200000,18000000
부산점,2026-09-25,모니터,8,350000,2800000
부산점,2026-09-28,모니터,2,350000,700000
부산점,2026-09-21,헤드셋,4,150000,600000
부산점,2026-09-26,노트북,12,1200000,14400000
부산점,2026-09-26,키보드,9,85000,765000
부산점,2026-09-18,모니터,8,350000,2800000
부산점,2026-09-23,마우스,2,30000,60000
부산점,2026-09-16,마우스,15,30000,450000
부산점,2026-09-25,노트북,3,1200000,3600000
부산점,2026-09-22,모니터,1,350000,350000
부산점,2026-09-02,마우스,5,30000,150000
부산점,2026-09-07,모니터,1,350000,350000
부산점,2026-09-01,노트북,12,1200000,14400000
부산점,2026-09-25,키보드,9,85000,765000
부산점,2026-09-04,마우스,12,30000,360000
부산점,2026-09-12,마우스,1,30000,30000
부산점,2026-09-23,마우스,8,30000,240000
부산점,2026-09-26,모니터,2,350000,700000
부산점,2026-09-24,마우스,5,30000,150000
부산점,2026-09-20,모니터,6,350000,2100000
부산점,2026-09-05,마우스,14,30000,420000
부산점,2026-09-12,마우스,3,30000,90000
부산점,2026-09-09,모니터,9,350000,3150000
부산점,2026-09-30,키보드,7,85000,595000
부산점,2026-09-15,모니터,13,350000,4550000
부산점,2026-09-04,마우스,3,30000,90000
부산점,2026-09-11,마우스,8,30000,240000
부산점,2026-09-10,헤드셋,5,150000,750000
부산점,2026-10-01,키보드,9,85000,765000
부산점,2026-09-26,키보드,4,85000,340000
부산점,2026-09-15,마우스,2,30000,60000
부산점,2026-09-17,마우스,10,30000,300000
부산점,2026-09-24,모니터,7,350000,2450000
부산점,2026-09-01,마우스,12,30000,360000
부산점,2026-09-16,모니터,6,350000,2100000
부산점,2026-09-11,모니터,13,350000,4550000
부산점,2026-09-03,노트북,15,1200000,18000000
부산점,2026-09-28,노트북,5,1200000,6000000
부산점,2026-09-19,노트북,15,1200000,18000000
부산점,2026-09-15,키보드,4,85000,340000
부산점,2026-09-11,키보드,12,85000,1020000
부산점,2026-09-09,모니터,10,350000,3500000
부산점,2026-09-08,모니터,6,350000,2100000
부산점,2026-09-07,마우스,13,30000,390000
부산점,2026-09-14,마우스,12,30000,360000
부산점,2026-09-30,마우스,9,30000,270000
부산점,2026-09-17,모니터,3,350000,1050000
부산점,2026-09-08,헤드셋,13,150000,1950000
부산점,2026-09-06,키보드,2,85000,170000
부산점,2026-09-25,마우스,13,30000,390000
부산점,2026-09-24,헤드셋,7,150000,1050000
부산점,2026-09-08,노트북,5,1200000,6000000
부산점,2026-09-23,노트북,2,1200000,2400000
부산점,2026-09-24,키보드,15,85000,1275000
부산점,2026-09-03,모니터,5,350000,1750000
부산점,2026-09-07,헤드셋,1,150000,150000
부산점,2026-09-11,키보드,3,85000,255000
부산점,2026-09-14,노트북,14,1200000,16800000
부산점,2026-09-18,헤드셋,9,150000,1350000
부산점,2026-10-01,헤드셋,10,150000,1500000
부산점,2026-09-20,노트북,3,1200000,3600000
대구점,2026-09-18,키보드,3,85000,255000
대구점,2026-09-17,키보드,2,85000,170000
대구점,2026-09-13,모니터,10,350000,3500000
대구점,2026-09-07,키보드,6,85000,510000
대구점,2026-09-16,마우스,2,30000,60000
대구점,2026-09-18,헤드셋,3,150000,450000
대구점,2026-09-28,노트북,10,1200000,12000000
대구점,2026-09-06,헤드셋,6,150000,900000
대구점,2026-09-08,마우스,2,30000,60000
대구점,2026-09-22,모니터,2,350000,700000
대구점,2026-09-06,헤드셋,8,150000,1200000
대구점,2026-09-13,노트북,8,1200000,9600000
대구점,2026-09-30,마우스,4,30000,120000
대구점,2026-09-04,모니터,6,350000,2100000
대구점,2026-09-09,키보드,9,85000,765000
대구점,2026-09-10,모니터,8,350000,2800000
대구점,2026-09-06,마우스,4,30000,120000
대구점,2026-09-17,헤드셋,3,150000,450000
대구점,2026-09-04,키보드,11,85000,935000
대구점,2026-09-26,마우스,11,30000,330000
대구점,2026-09-26,모니터,2,350000,700000
대구점,2026-09-02,노트북,9,1200000,10800000
대구점,2026-09-14,마우스,6,30000,180000
대구점,2026-09-05,노트북,5,1200000,6000000
대구점,2026-09-02,헤드셋,1,150000,150000
대구점,2026-09-13,마우스,2,30000,60000
대구점,2026-09-28,헤드셋,7,150000,1050000
대구점,2026-09-19,노트북,8,1200000,9600000
대구점,2026-09-09,헤드셋,11,150000,1650000
대구점,2026-09-11,헤드셋,4,150000,600000
대구점,2026-09-27,마우스,6,30000,180000
대구점,2026-09-13,키보드,5,85000,425000
대구점,2026-09-27,노트북,4,1200000,4800000
대구점,2026-09-15,마우스,8,30000,240000
대구점,2026-09-13,노트북,10,1200000,12000000
대구점,2026-09-30,모니터,4,350000,1400000
대구점,2026-09-18,키보드,12,85000,1020000
대구점,2026-09-27,헤드셋,12,150000,1800000
대구점,2026-09-22,모니터,4,350000,1400000
대구점,2026-09-13,마우스,4,30000,120000
대구점,2026-09-13,헤드셋,8,150000,1200000
대구점,2026-09-05,키보드,1,85000,85000
대구점,2026-09-08,키보드,4,85000,340000
대구점,2026-09-19,마우스,3,30000,90000
대구점,2026-09-21,모니터,8,350000,2800000
대구점,2026-09-24,헤드셋,12,150000,1800000
대구점,2026-09-16,마우스,10,30000,300000
대구점,2026-09-02,헤드셋,5,150000,750000
대구점,2026-09-19,키보드,11,85000,935000
대구점,2026-09-18,키보드,5,85000,425000
대구점,2026-09-25,키보드,7,85000,595000
대구점,2026-09-09,모니터,8,350000,2800000
대구점,2026-09-25,모니터,5,350000,1750000
대구점,2026-10-01,헤드셋,1,150000,150000
대구점,2026-09-24,키보드,8,85000,680000
대구점,2026-09-11,모니터,1,350000,350000
대구점,2026-09-14,노트북,6,1200000,7200000
대구점,2026-09-25,모니터,1,350000,350000
대구점,2026-09-23,키보드,2,85000,170000
대구점,2026-09-24,모니터,5,350000,1750000
인천점,2026-09-18,헤드셋,9,150000,1350000
인천점,2026-09-17,노트북,4,1200000,4800000
인천점,2026-09-18,마우스,1,30000,30000
인천점,2026-09-24,마우스,4,30000,120000
인천점,2026-09-21,노트북,4,1200000,4800000
인천점,2026-09-13,마우스,10,30000,300000
인천점,2026-09-25,모니터,5,350000,1750000
인천점,2026-09-03,마우스,7,30000,210000
인천점,2026-09-22,마우스,3,30000,90000
인천점,2026-09-11,마우스,1,30000,30000
인천점,2026-09-27,마우스,0,30000,0
인천점,2026-09-21,모니터,2,350000,700000
인천점,2026-09-18,키보드,1,85000,85000
인천점,2026-09-27,노트북,0,1200000,0
인천점,2026-09-18,키보드,2,85000,170000
인천점,2026-09-05,노트북,9,1200000,10800000
인천점,2026-09-04,마우스,9,30000,270000
인천점,2026-10-01,노트북,1,1200000,1200000
인천점,2026-09-19,노트북,1,1200000,1200000
인천점,2026-09-01,마우스,3,30000,90000
인천점,2026-09-26,노트북,2,1200000,2400000
인천점,2026-09-28,키보드,0,85000,0
인천점,2026-09-02,마우스,7,30000,210000
인천점,2026-09-01,마우스,1,30000,30000
인천점,2026-09-20,마우스,1,30000,30000
인천점,2026-09-09,헤드셋,2,150000,300000
인천점,2026-09-03,키보드,9,85000,765000
인천점,2026-09-12,노트북,0,1200000,0
인천점,2026-09-29,마우스,7,30000,210000
인천점,2026-09-06,키보드,0,85000,0
인천점,2026-09-01,키보드,0,85000,0
인천점,2026-09-16,키보드,6,85000,510000
인천점,2026-09-02,노트북,2,1200000,2400000
인천점,2026-09-07,헤드셋,4,150000,600000
인천점,2026-09-21,헤드셋,0,150000,0
인천점,2026-09-06,노트북,1,1200000,1200000
인천점,2026-09-18,노트북,2,1200000,2400000
인천점,2026-09-25,마우스,10,30000,300000
인천점,2026-09-17,마우스,6,30000,180000
인천점,2026-09-25,키보드,7,85000,595000
인천점,2026-09-03,모니터,5,350000,1750000
인천점,2026-09-13,마우스,0,30000,0
인천점,2026-09-16,헤드셋,0,150000,0
인천점,2026-09-11,모니터,10,350000,3500000
인천점,2026-09-24,노트북,3,1200000,3600000
인천점,2026-09-29,키보드,1,85000,85000
인천점,2026-09-11,헤드셋,4,150000,600000
인천점,2026-09-15,노트북,2,1200000,2400000
인천점,2026-09-22,마우스,8,30000,240000
인천점,2026-09-15,마우스,2,30000,60000
인천점,2026-09-03,키보드,10,85000,850000
인천점,2026-09-17,모니터,7,350000,2450000
인천점,2026-09-20,노트북,4,1200000,4800000
인천점,2026-09-23,모니터,7,350000,2450000
인천점,2026-09-11,헤드셋,3,150000,450000
인천점,2026-09-10,키보드,10,85000,850000
인천점,2026-09-09,노트북,8,1200000,9600000
인천점,2026-09-02,모니터,5,350000,1750000
인천점,2026-09-17,노트북,4,1200000,4800000
인천점,2026-09-12,모니터,0,350000,0
인천점,2026-09-03,헤드셋,8,150000,1200000
인천점,2026-09-08,키보드,7,85000,595000
인천점,2026-09-13,노트북,6,1200000,7200000
인천점,2026-09-07,모니터,10,350000,3500000
인천점,2026-09-07,마우스,5,30000,150000
인천점,2026-09-04,키보드,7,85000,595000
인천점,2026-10-01,키보드,0,85000,0
인천점,2026-09-15,노트북,8,1200000,9600000
인천점,2026-09-11,노트북,6,1200000,7200000
인천점,2026-09-16,모니터,1,350000,350000
서울점,2026-09-27,모니터,7,350000,2450000
서울점,2026-09-17,헤드셋,2,150000,300000
서울점,2026-09-27,헤드셋,17,150000,2550000
서울점,2026-09-30,키보드,19,85000,1615000
서울점,2026-09-25,헤드셋,11,150000,1650000
서울점,2026-09-18,마우스,15,30000,450000
서울점,2026-09-25,노트북,16,1200000,19200000
서울점,2026-09-05,모니터,20,350000,7000000
서울점,2026-09-03,헤드셋,4,150000,600000
서울점,2026-09-16,노트북,12,1200000,14400000
서울점,2026-09-22,마우스,18,30000,540000
서울점,2026-09-09,노트북,20,1200000,24000000
서울점,2026-09-17,노트북,2,1200000,2400000
서울점,2026-09-08,노트북,13,1200000,15600000
서울점,2026-09-20,헤드셋,1,150000,150000
서울점,2026-09-12,헤드셋,14,150000,2100000
서울점,2026-09-05,마우스,4,30000,120000
서울점,2026-09-02,노트북,3,1200000,3600000
서울점,2026-10-01,키보드,15,85000,1275000
서울점,2026-09-21,키보드,15,85000,1275000
서울점,2026-09-17,헤드셋,3,150000,450000
서울점,2026-09-23,모니터,8,350000,2800000
서울점,2026-09-13,마우스,3,30000,90000
서울점,2026-09-25,마우스,14,30000,420000
서울점,2026-09-30,헤드셋,4,150000,600000
서울점,2026-09-06,노트북,2,1200000,2400000
서울점,2026-10-01,노트북,16,1200000,19200000
서울점,2026-09-28,마우스,19,30000,570000
서울점,2026-09-28,헤드셋,5,150000,750000
서울점,2026-09-14,모니터,2,350000,700000
서울점,2026-09-14,노트북,1,1200000,1200000
서울점,2026-09-18,헤드셋,3,150000,450000
서울점,2026-09-02,모니터,16,350000,5600000
서울점,2026-09-28,키보드,14,85000,1190000
서울점,2026-09-22,헤드셋,5,150000,750000
서울점,2026-09-09,노트북,1,1200000,1200000
서울점,2026-09-16,키보드,4,85000,340000
서울점,2026-09-20,노트북,20,1200000,24000000
서울점,2026-09-25,모니터,4,350000,1400000
서울점,2026-09-24,키보드,4,85000,340000
서울점,2026-09-03,모니터,8,350000,2800000
서울점,2026-09-30,노트북,3,1200000,3600000
서울점,2026-09-16,키보드,7,85000,595000
서울점,2026-09-27,노트북,20,1200000,24000000
서울점,2026-09-29,노트북,17,1200000,20400000
서울점,2026-09-06,헤드셋,5,150000,750000
서울점,2026-09-27,헤드셋,10,150000,1500000
서울점,2026-09-16,마우스,20,30000,600000
서울점,2026-09-29,노트북,10,1200000,12000000
서울점,2026-09-18,마우스,10,30000,300000
서울점,2026-09-07,마우스,7,30000,210000
서울점,2026-09-10,키보드,16,85000,1360000
서울점,2026-09-09,마우스,13,30000,390000
서울점,2026-09-02,노트북,15,1200000,18000000
서울점,2026-09-22,키보드,8,85000,680000
서울점,2026-09-20,모니터,14,350000,4900000
서울점,2026-09-18,헤드셋,14,150000,2100000
서울점,2026-09-13,모니터,7,350000,2450000
서울점,2026-09-13,키보드,16,85000,1360000
서울점,2026-09-07,키보드,16,85000,1360000
서울점,2026-09-15,마우스,2,30000,60000
서울점,2026-09-04,키보드,13,85000,1105000
서울점,2026-09-01,키보드,3,85000,255000
서울점,2026-09-10,모니터,12,350000,4200000
서울점,2026-09-09,노트북,11,1200000,13200000
서울점,2026-09-08,마우스,17,30000,510000
서울점,2026-09-30,헤드셋,18,150000,2700000
서울점,2026-09-19,모니터,7,350000,2450000
서울점,2026-09-06,키보드,4,85000,340000
서울점,2026-09-11,헤드셋,18,150000,2700000
서울점,2026-09-17,헤드셋,8,150000,1200000
서울점,2026-09-14,노트북,7,1200000,8400000
서울점,2026-09-10,모니터,16,350000,5600000
서울점,2026-09-01,모니터,17,350000,5950000
서울점,2026-09-26,노트북,20,1200000,24000000
서울점,2026-09-24,헤드셋,3,150000,450000
서울점,2026-09-18,모니터,6,350000,2100000
서울점,2026-09-14,키보드,15,85000,1275000
서울점,2026-09-20,모니터,17,350000,5950000
서울점,2026-09-30,헤드셋,3,150000,450000
서울점,2026-09-15,마우스,20,30000,600000
서울점,2026-09-12,마우스,6,30000,180000
서울점,2026-09-22,모니터,8,350000,2800000
서울점,2026-10-01,헤드셋,20,150000,3000000
서울점,2026-09-14,헤드셋,1,150000,150000
서울점,2026-09-24,모니터,8,350000,2800000
서울점,2026-09-10,노트북,4,1200000,4800000
서울점,2026-09-02,키보드,20,85000,1700000
서울점,2026-09-27,마우스,12,30000,360000
서울점,2026-09-11,노트북,14,1200000,16800000
서울점,2026-09-24,헤드셋,5,150000,750000
서울점,2026-09-20,모니터,18,350000,6300000
서울점,2026-09-06,노트북,18,1200000,21600000
서울점,2026-09-09,모니터,10,350000,3500000
서울점,2026-09-12,노트북,8,1200000,9600000
서울점,2026-09-02,모니터,16,350000,5600000
서울점,2026-09-09,노트북,11,1200000,13200000
서울점,2026-09-24,모니터,3,350000,1050000
서울점,2026-09-21,헤드셋,1,150000,150000
서울점,2026-09-11,헤드셋,11,150000,1650000
